purchase_id,player_id,purchase_time,item_name,payment_type,usd_amount
1,4,2026-06-25 15:12:00,Lucky Coin,real_money,2.7
2,4,2026-04-14 14:12:00,Phoenix Blade,real_money,6.13
3,4,2026-03-20 03:12:00,Lucky Coin,real_money,2.7
4,4,2026-05-17 02:12:00,Phoenix Blade,real_money,6.13
5,8,2026-03-23 20:13:00,Aegis Shield,real_money,10.56
6,8,2026-02-11 18:13:00,Frost Wand,real_money,4.13
7,22,2026-04-28 19:05:00,Plate Mail,real_money,3.85
8,22,2026-03-04 14:05:00,Lucky Coin,real_money,5.4
9,22,2026-05-08 03:05:00,Aegis Shield,real_money,5.28
10,22,2026-04-13 10:05:00,Aegis Shield,real_money,10.56
11,25,2026-07-14 17:34:00,  Frost Wand ,real_money,8.26
12,25,2026-05-19 06:34:00,  Frost Wand ,real_money,4.13
13,25,2026-05-18 10:34:00,Phoenix Blade,real_money,6.13
14,49,2026-03-15 19:04:00,  Storm Bow ,real_money,4.42
15,49,2026-03-26 02:04:00,Aegis Shield,real_money,5.28
16,49,2026-04-17 16:04:00,Phoenix Blade,real_money,6.13
17,60,2026-04-30 04:20:00,Leather Vest,real_money,1.99
18,60,2026-07-10 22:20:00,Rusty Dagger,real_money,1.42
19,117,2026-03-18 09:28:00,Phoenix Blade,real_money,6.13
20,117,2026-05-13 19:28:00,rusty dagger,real_money,1.42
21,117,2026-04-29 07:28:00,Iron Sword,real_money,2.13
22,117,2026-06-17 19:28:00,Plate Mail,real_money,3.85
23,117,2026-06-08 04:28:00,Aegis Shield,real_money,5.28
24,151,2026-03-30 14:57:00,phoenix blade,real_money,6.13
25,151,2026-06-04 09:57:00,Lucky Coin,real_money,5.4
26,151,2026-04-17 15:57:00,aegis shield,real_money,5.28
27,163,2026-02-24 05:31:00,Aegis Shield,real_money,5.28
28,163,2026-04-29 22:31:00,Leather Vest,real_money,3.98
29,163,2026-06-06 21:31:00,Lucky Coin,real_money,2.7
30,199,2026-05-20 16:01:00,Aegis Shield,real_money,10.56
31,199,2026-04-19 09:01:00,Phoenix Blade,real_money,6.13
32,199,2026-03-06 10:01:00,Phoenix Blade,real_money,6.13
33,199,2026-04-07 09:01:00,Frost Wand,real_money,4.13
34,199,2026-05-26 23:01:00,aegis shield,real_money,5.28
35,233,2026-03-31 23:47:00,Aegis Shield,real_money,5.28
36,233,2026-05-20 20:47:00,Aegis Shield,real_money,5.28
37,233,2026-06-25 19:47:00,Frost Wand,real_money,4.13
38,242,2026-04-26 11:28:00,Phoenix Blade,real_money,6.13
39,269,2026-06-16 00:39:00,Aegis Shield,real_money,5.28
40,269,2026-04-10 02:39:00,lucky coin,real_money,2.7
41,269,2026-03-22 19:39:00,  Aegis Shield ,real_money,5.28
42,269,2026-06-13 15:39:00,Healing Charm,real_money,3.56
43,292,2026-01-12 22:46:00,Frost Wand,real_money,4.13
44,292,2026-04-11 14:46:00,Lucky Coin,real_money,5.4
45,292,2026-01-21 20:46:00,IRON SWORD,real_money,2.13
46,337,2026-05-28 20:51:00,Phoenix Blade,real_money,6.13
47,337,2026-05-15 00:51:00,PHOENIX BLADE,real_money,6.13
48,337,2026-03-31 08:51:00,Phoenix Blade,real_money,6.13
49,352,2026-04-23 19:35:00,Healing Charm,real_money,3.56
50,352,2026-07-11 06:35:00,  Lucky Coin ,real_money,2.7
51,352,2026-06-22 20:35:00,Rusty Dagger,real_money,1.42
52,355,2026-05-04 06:02:00,Aegis Shield,real_money,5.28
53,355,2026-03-21 10:02:00,Aegis Shield,real_money,5.28
54,355,2026-03-10 03:02:00,Leather Vest,real_money,3.98
55,355,2026-06-20 17:02:00,Plate Mail,real_money,7.7
56,355,2026-06-09 03:02:00,Phoenix Blade,real_money,6.13
57,358,2026-04-13 03:37:00,Aegis Shield,real_money,5.28
58,358,2026-06-26 14:37:00,Leather Vest,real_money,1.99
59,358,2026-04-07 18:37:00,  Leather Vest ,real_money,3.98
60,371,2026-05-16 08:39:00,Lucky Coin,real_money,2.7
61,378,2026-06-27 16:21:00,Phoenix Blade,real_money,6.13
62,378,2026-07-06 18:21:00,Leather Vest,real_money,1.99
63,378,2026-03-11 20:21:00,Phoenix Blade,real_money,6.13
64,378,2026-06-14 06:21:00,Aegis Shield,real_money,5.28
65,398,2026-02-23 18:41:00,Aegis Shield,real_money,5.28
66,398,2026-04-23 23:41:00,Leather Vest,real_money,1.99
67,410,2026-05-08 23:43:00,Aegis Shield,real_money,5.28
68,412,2026-03-13 18:02:00,  Lucky Coin ,real_money,5.4
69,412,2026-04-07 17:02:00,Frost Wand,real_money,8.26
70,412,2026-03-28 13:02:00,Frost Wand,real_money,4.13
71,420,2026-04-01 14:29:00,Phoenix Blade,real_money,6.13
72,420,2026-03-10 18:29:00,Phoenix Blade,real_money,
73,420,2026-04-29 01:29:00,RUSTY DAGGER,real_money,2.84
74,435,2026-01-31 16:55:00,Lucky Coin,real_money,2.7
75,435,2026-01-23 00:55:00,Phoenix Blade,real_money,6.13
76,435,2026-03-23 00:55:00,Aegis Shield,real_money,5.28
77,435,2026-03-28 13:55:00,  Phoenix Blade ,real_money,6.13
78,437,2026-04-18 20:57:00,Aegis Shield,real_money,5.28
79,437,2026-06-23 05:57:00,Lucky Coin,real_money,2.7
80,437,2026-05-09 23:57:00,Leather Vest,real_money,1.99
81,437,2026-03-11 02:57:00,Storm Bow,real_money,4.42
82,450,2026-06-02 23:28:00,Phoenix Blade,real_money,6.13
83,450,2026-05-20 23:28:00,Healing Charm,real_money,7.12
84,450,2026-05-24 01:28:00,Aegis Shield,real_money,10.56
85,459,2026-05-05 14:58:00,Aegis Shield,real_money,5.28
86,459,2026-05-01 11:58:00,Aegis Shield,real_money,10.56
87,459,2026-05-28 20:58:00,Frost Wand,real_money,4.13
88,459,2026-07-28 01:58:00,Phoenix Blade,real_money,6.13
89,466,2026-03-11 21:04:00,Aegis Shield,real_money,5.28
90,466,2026-05-01 13:04:00,plate mail,real_money,3.85
91,466,2026-03-29 01:04:00,Leather Vest,real_money,1.99
92,466,2026-03-16 17:04:00,Healing Charm,real_money,7.12
93,470,2026-03-21 17:13:00,Aegis Shield,real_money,5.28
94,470,2026-06-16 14:13:00,Phoenix Blade,real_money,12.26
95,470,2026-05-27 18:13:00,Plate Mail,real_money,3.85
96,470,2026-04-20 16:13:00,Phoenix Blade,real_money,6.13
97,483,2026-04-05 07:36:00,phoenix blade,real_money,6.13
98,483,2026-03-02 22:36:00,Aegis Shield,real_money,5.28
99,483,2026-04-22 10:36:00,Healing Charm,real_money,3.56
100,483,2026-04-14 23:36:00,Plate Mail,real_money,3.85
101,500,2026-03-04 22:47:00,Frost Wand,real_money,4.13
102,500,2026-05-27 11:47:00,aegis shield,real_money,10.56
103,530,2026-02-01 13:03:00,Phoenix Blade,real_money,6.13
104,530,2026-02-05 03:03:00,Phoenix Blade,real_money,12.26
105,530,2026-05-10 19:03:00,Frost Wand,real_money,4.13
106,568,2026-04-01 06:54:00,Phoenix Blade,real_money,6.13
107,568,2026-04-28 13:54:00,Plate Mail,real_money,7.7
108,568,2026-03-29 05:54:00,Rusty Dagger,real_money,1.42
109,568,2026-05-19 21:54:00,Aegis Shield,real_money,5.28
110,572,2026-04-07 05:42:00,Phoenix Blade,real_money,6.13
111,572,2026-06-06 06:42:00,Aegis Shield,real_money,5.28
112,604,2026-03-23 13:54:00,Aegis Shield,real_money,5.28
113,604,2026-03-31 15:54:00,Aegis Shield,real_money,5.28
114,616,2026-03-08 04:26:00,  Iron Sword ,real_money,4.26
115,616,2026-03-03 11:26:00,rusty dagger,real_money,1.42
116,623,2026-05-25 21:43:00,Phoenix Blade,real_money,6.13
117,623,2026-05-19 09:43:00,aegis shield,real_money,10.56
118,652,2026-03-03 14:04:00,Aegis Shield,real_money,5.28
119,652,2026-04-14 14:04:00,  Phoenix Blade ,real_money,6.13
120,652,2026-04-11 14:04:00,Aegis Shield,real_money,5.28
121,663,2026-06-13 07:14:00,Iron Sword,real_money,2.13
122,716,2026-05-04 04:12:00,  Healing Charm ,real_money,7.12
123,716,2026-04-16 15:12:00,Aegis Shield,real_money,5.28
124,716,2026-05-14 11:12:00,Phoenix Blade,real_money,6.13
125,723,2026-06-17 02:51:00,Leather Vest,real_money,1.99
126,731,2026-02-18 02:05:00,Storm Bow,real_money,4.42
127,733,2026-06-16 10:23:00,Aegis Shield,real_money,5.28
128,733,2026-03-17 13:23:00,Phoenix Blade,real_money,6.13
129,733,2026-04-07 06:23:00,Aegis Shield,real_money,5.28
130,733,2026-04-26 13:23:00,  Phoenix Blade ,real_money,6.13
131,766,2026-03-19 00:18:00,  Aegis Shield ,real_money,5.28
132,766,2026-03-06 14:18:00,Aegis Shield,real_money,10.56
133,766,2026-03-14 08:18:00,Storm Bow,real_money,4.42
134,775,2026-05-28 12:25:00,Phoenix Blade,real_money,6.13
135,775,2026-04-24 22:25:00,LEATHER VEST,real_money,1.99
136,775,2026-05-16 17:25:00,Aegis Shield,real_money,5.28
137,775,2026-05-15 17:25:00,Frost Wand,real_money,4.13
138,775,2026-03-29 20:25:00,Phoenix Blade,real_money,6.13
139,775,2026-03-06 17:25:00,Lucky Coin,real_money,2.7
140,776,2026-05-03 11:29:00,Plate Mail,real_money,3.85
141,776,2026-03-04 21:29:00,healing charm,real_money,3.56
142,780,2026-06-03 08:25:00,Leather Vest,real_money,1.99
143,780,2026-05-18 14:25:00,aegis shield,real_money,5.28
144,780,2026-04-14 02:25:00,AEGIS SHIELD,real_money,5.28
145,780,2026-03-16 06:25:00,Frost Wand,real_money,4.13
146,789,2026-02-25 01:48:00,Iron Sword,real_money,2.13
147,789,2026-03-07 04:48:00,Frost Wand,real_money,4.13
148,814,2026-03-28 03:42:00,Phoenix Blade,real_money,6.13
149,814,2026-03-17 15:42:00,leather vest,real_money,1.99
150,814,2026-01-04 18:42:00,Frost Wand,real_money,4.13
151,821,2026-05-12 16:10:00,Lucky Coin,real_money,2.7
152,821,2026-04-27 09:10:00,Phoenix Blade,real_money,12.26
153,837,2026-04-26 19:02:00,Aegis Shield,real_money,5.28
154,837,2026-02-05 03:02:00,Aegis Shield,real_money,5.28
155,837,2026-05-04 20:02:00,Plate Mail,real_money,3.85
156,851,2026-04-20 02:36:00,Rusty Dagger,real_money,1.42
157,851,2026-03-13 04:36:00,Storm Bow,real_money,4.42
158,851,2026-05-15 12:36:00,Aegis Shield,real_money,10.56
159,853,2026-04-30 11:11:00,Lucky Coin,real_money,5.4
160,853,2026-04-09 16:11:00,Iron Sword,real_money,2.13
161,872,2026-02-19 19:28:00,Healing Charm,real_money,3.56
162,872,2026-05-10 15:28:00,Frost Wand,real_money,4.13
163,872,2026-05-04 02:28:00,Healing Charm,real_money,7.12
164,872,2026-02-12 04:28:00,Rusty Dagger,real_money,1.42
165,872,2026-05-26 10:28:00,Aegis Shield,real_money,5.28
166,873,2026-05-23 19:29:00,Lucky Coin,real_money,2.7
167,873,2026-04-27 16:29:00,Aegis Shield,real_money,10.56
168,873,2026-05-23 18:29:00,Aegis Shield,real_money,5.28
169,879,2026-04-02 03:01:00,Iron Sword,real_money,4.26
170,879,2026-04-20 15:01:00,  Storm Bow ,real_money,8.84
171,879,2026-07-09 05:01:00,Aegis Shield,real_money,5.28
172,879,2026-07-05 12:01:00,aegis shield,real_money,
173,932,2026-04-26 03:20:00,Phoenix Blade,real_money,6.13
174,932,2026-03-16 21:20:00,Healing Charm,real_money,7.12
175,936,2026-04-03 10:27:00,Frost Wand,real_money,
176,936,2026-04-11 14:27:00,phoenix blade,real_money,6.13
177,936,2026-06-12 06:27:00,Plate Mail,real_money,7.7
178,936,2026-04-06 11:27:00,Iron Sword,real_money,4.26
179,936,2026-07-15 23:27:00,Leather Vest,real_money,3.98
180,940,2026-02-25 04:51:00,Iron Sword,real_money,2.13
181,940,2026-03-16 06:51:00,Iron Sword,real_money,2.13
182,940,2026-04-11 18:51:00,Storm Bow,real_money,8.84
183,961,2026-04-07 03:35:00,Frost Wand,real_money,4.13
184,961,2026-05-21 20:35:00,Storm Bow,real_money,4.42
185,961,2026-05-23 12:35:00,Aegis Shield,real_money,5.28
186,961,2026-05-10 17:35:00,Rusty Dagger,real_money,2.84
187,961,2026-06-12 03:35:00,aegis shield,real_money,5.28
188,982,2026-03-12 22:54:00,Plate Mail,real_money,3.85
189,982,2026-02-24 12:54:00,Phoenix Blade,real_money,6.13
190,1042,2026-07-10 19:19:00,  Aegis Shield ,real_money,5.28
191,1042,2026-04-26 20:19:00,Healing Charm,real_money,3.56
192,1042,2026-04-27 21:19:00,Lucky Coin,real_money,5.4
193,1062,2026-04-03 06:32:00,Aegis Shield,real_money,5.28
194,1062,2026-02-05 13:32:00,Aegis Shield,real_money,5.28
195,1136,2026-05-19 22:11:00,LUCKY COIN,real_money,5.4
196,1161,2026-07-18 18:49:00,Healing Charm,real_money,3.56
197,1161,2026-06-10 02:49:00,HEALING CHARM,real_money,7.12
198,1161,2026-04-13 00:49:00,Phoenix Blade,real_money,6.13
199,1161,2026-04-01 10:49:00,Aegis Shield,real_money,5.28
200,1190,2026-05-12 15:46:00,Leather Vest,real_money,3.98
201,1243,2026-03-09 22:03:00,Aegis Shield,real_money,5.28
202,1243,2026-05-14 23:03:00,  Healing Charm ,real_money,3.56
203,1243,2026-04-23 22:03:00,Phoenix Blade,real_money,6.13
204,1265,2026-05-14 10:07:00,Phoenix Blade,real_money,6.13
205,1265,2026-04-13 18:07:00,Iron Sword,real_money,2.13
206,1276,2026-03-09 11:45:00,Lucky Coin,real_money,2.7
207,1276,2026-04-18 02:45:00,leather vest,real_money,1.99
208,1276,2026-01-20 15:45:00,Aegis Shield,real_money,5.28
209,1276,2026-04-02 11:45:00,Frost Wand,real_money,4.13
210,1282,2026-05-15 00:23:00,Phoenix Blade,real_money,6.13
211,1282,2026-01-31 05:23:00,Aegis Shield,real_money,5.28
212,1291,2026-05-05 04:33:00,Aegis Shield,real_money,10.56
213,1291,2026-03-07 19:33:00,Aegis Shield,real_money,5.28
214,1291,2026-05-04 04:33:00,Aegis Shield,real_money,10.56
215,1291,2026-04-17 23:33:00,lucky coin,real_money,2.7
216,1352,2026-03-12 03:24:00,Aegis Shield,real_money,5.28
217,1352,2026-03-07 06:24:00,STORM BOW,real_money,4.42
218,1352,2026-03-18 04:24:00,Phoenix Blade,real_money,6.13
219,1367,2026-06-20 09:24:00,Aegis Shield,real_money,5.28
220,1367,2026-05-08 05:24:00,phoenix blade,real_money,12.26
221,1367,2026-05-16 07:24:00,Aegis Shield,real_money,5.28
222,1367,2026-04-01 00:24:00,Phoenix Blade,real_money,6.13
223,1367,2026-06-29 16:24:00,Phoenix Blade,real_money,6.13
224,1393,2026-06-26 08:53:00,Frost Wand,real_money,4.13
225,1393,2026-06-19 08:53:00,  Phoenix Blade ,real_money,6.13
226,1393,2026-06-12 15:53:00,Iron Sword,real_money,4.26
227,1393,2026-07-19 22:53:00,Healing Charm,real_money,7.12
228,1393,2026-04-05 16:53:00,Lucky Coin,real_money,2.7
229,1410,2026-02-16 01:58:00,Phoenix Blade,real_money,6.13
230,1410,2026-02-11 13:58:00,Phoenix Blade,real_money,6.13
231,1410,2026-04-29 03:58:00,Leather Vest,real_money,3.98
232,1410,2026-03-31 02:58:00,Aegis Shield,real_money,5.28
233,1432,2026-05-02 08:23:00,frost wand,real_money,4.13
234,1442,2026-06-28 22:07:00,Frost Wand,real_money,8.26
235,1442,2026-05-15 06:07:00,Aegis Shield,real_money,10.56
236,1442,2026-06-09 09:07:00,Aegis Shield,real_money,5.28
237,1442,2026-07-07 19:07:00,Phoenix Blade,real_money,12.26
238,1466,2026-06-26 10:29:00,Phoenix Blade,real_money,6.13
239,1466,2026-05-19 10:29:00,  Healing Charm ,real_money,3.56
240,1468,2026-04-24 13:00:00,Lucky Coin,real_money,2.7
241,1490,2026-04-28 17:25:00,Phoenix Blade,real_money,6.13
242,1490,2026-03-14 08:25:00,Iron Sword,real_money,2.13
243,1490,2026-04-05 17:25:00,Phoenix Blade,real_money,12.26
244,1506,2026-04-15 12:52:00,rusty dagger,real_money,1.42
245,1506,2026-02-13 23:52:00,  Healing Charm ,real_money,3.56
246,1506,2026-04-19 04:52:00,iron sword,real_money,2.13
247,1506,2026-02-05 02:52:00,Phoenix Blade,real_money,12.26
248,1510,2026-02-05 16:45:00,  Iron Sword ,real_money,2.13
249,1511,2026-03-26 03:30:00,Aegis Shield,real_money,10.56
250,1511,2026-04-14 10:30:00,Phoenix Blade,real_money,6.13
251,1511,2026-05-08 21:30:00,phoenix blade,real_money,6.13
252,1530,2026-05-10 12:32:00,Aegis Shield,real_money,10.56
253,1530,2026-04-09 22:32:00,Phoenix Blade,real_money,6.13
254,1530,2026-06-23 11:32:00,plate mail,real_money,3.85
255,1552,2026-05-12 20:41:00,Frost Wand,real_money,4.13
256,1552,2026-01-24 14:41:00,Aegis Shield,real_money,5.28
257,1566,2026-04-28 15:19:00,Iron Sword,real_money,2.13
258,1566,2026-04-22 23:19:00,Phoenix Blade,real_money,12.26
259,1584,2026-04-09 07:27:00,IRON SWORD,real_money,2.13
260,1591,2026-04-18 01:09:00,AEGIS SHIELD,real_money,5.28
261,1591,2026-02-24 05:09:00,Aegis Shield,real_money,5.28
262,1594,2026-06-19 18:20:00,Phoenix Blade,real_money,6.13
263,1594,2026-03-14 19:20:00,Aegis Shield,real_money,5.28
264,1602,2026-04-04 15:40:00,Storm Bow,real_money,8.84
265,1602,2026-05-03 10:40:00,PHOENIX BLADE,real_money,12.26
266,1602,2026-03-17 06:40:00,LEATHER VEST,real_money,1.99
267,1602,2026-04-16 11:40:00,Frost Wand,real_money,8.26
268,1602,2026-05-27 22:40:00,Storm Bow,real_money,8.84
269,1605,2026-04-04 20:18:00,Iron Sword,real_money,2.13
270,1605,2026-03-12 10:18:00,Storm Bow,real_money,4.42
271,1605,2026-04-07 10:18:00,Aegis Shield,real_money,5.28
272,1605,2026-04-05 00:18:00,Rusty Dagger,real_money,1.42
273,1659,2026-04-05 12:12:00,Storm Bow,real_money,8.84
274,1659,2026-03-20 13:12:00,Iron Sword,real_money,4.26
275,1659,2026-01-19 10:12:00,Phoenix Blade,real_money,12.26
276,1659,2026-01-12 03:12:00,Frost Wand,real_money,4.13
277,1659,2026-04-04 22:12:00,Storm Bow,real_money,4.42
278,1693,2026-05-21 02:51:00,Lucky Coin,real_money,2.7
279,1694,2026-06-25 18:23:00,Storm Bow,real_money,8.84
280,1694,2026-03-01 21:23:00,Phoenix Blade,real_money,6.13
281,1694,2026-04-29 23:23:00,Storm Bow,real_money,4.42
282,1709,2026-05-06 18:42:00,frost wand,real_money,4.13
283,1709,2026-04-17 14:42:00,Aegis Shield,real_money,5.28
284,1709,2026-04-24 10:42:00,Aegis Shield,real_money,10.56
285,1711,2026-03-28 08:21:00,Healing Charm,real_money,3.56
286,1739,2026-01-29 04:37:00,Healing Charm,real_money,3.56
287,1739,2026-02-14 11:37:00,Phoenix Blade,real_money,6.13
288,1739,2026-04-04 21:37:00,PHOENIX BLADE,real_money,6.13
289,1753,2026-06-05 12:39:00,Aegis Shield,real_money,5.28
290,1756,2026-05-05 21:11:00,Rusty Dagger,real_money,1.42
291,1756,2026-04-05 01:11:00,Aegis Shield,real_money,10.56
292,1756,2026-03-16 19:11:00,plate mail,real_money,3.85
293,1772,2026-04-04 17:26:00,Lucky Coin,real_money,2.7
294,1772,2026-04-18 01:26:00,Healing Charm,real_money,
295,1776,2026-04-03 22:27:00,Healing Charm,real_money,3.56
296,1776,2026-06-05 17:27:00,Phoenix Blade,real_money,6.13
297,1776,2026-05-08 05:27:00,Phoenix Blade,real_money,6.13
298,1802,2026-05-13 07:32:00,Aegis Shield,real_money,5.28
299,1802,2026-04-04 04:32:00,Aegis Shield,real_money,5.28
300,1808,2026-05-25 20:04:00,Frost Wand,real_money,4.13
301,1808,2026-05-18 20:04:00,Phoenix Blade,real_money,6.13
302,1808,2026-07-07 04:04:00,Aegis Shield,real_money,5.28
303,1808,2026-07-20 11:04:00,storm bow,real_money,8.84
304,1825,2026-03-27 13:02:00,phoenix blade,real_money,6.13
305,1825,2026-02-14 14:02:00,Leather Vest,real_money,3.98
306,1829,2026-02-22 10:26:00,Aegis Shield,real_money,5.28
307,1829,2026-04-16 17:26:00,Leather Vest,real_money,3.98
308,1829,2026-02-23 18:26:00,healing charm,real_money,3.56
309,1829,2026-05-28 00:26:00,PHOENIX BLADE,real_money,6.13
310,1835,2026-02-27 18:22:00,Lucky Coin,real_money,5.4
311,1835,2026-05-27 07:22:00,IRON SWORD,real_money,2.13
312,1835,2026-03-11 05:22:00,Phoenix Blade,real_money,6.13
313,1835,2026-04-10 07:22:00,Phoenix Blade,real_money,6.13
314,1835,2026-03-25 06:22:00,Aegis Shield,real_money,10.56
315,1846,2026-03-07 11:52:00,Rusty Dagger,real_money,1.42
316,1846,2026-03-19 02:52:00,Phoenix Blade,real_money,6.13
317,1846,2026-05-11 14:52:00,plate mail,real_money,3.85
318,1900,2026-03-26 03:01:00,Lucky Coin,real_money,5.4
319,1900,2026-03-30 03:01:00,  Rusty Dagger ,real_money,2.84
320,1907,2026-06-18 19:07:00,Phoenix Blade,real_money,12.26
321,1907,2026-04-08 17:07:00,Healing Charm,real_money,3.56
322,1907,2026-06-14 08:07:00,Storm Bow,real_money,4.42
323,1907,2026-05-05 22:07:00,Aegis Shield,real_money,5.28
324,1928,2026-06-18 00:44:00,Rusty Dagger,real_money,1.42
325,1935,2026-04-27 17:22:00,LUCKY COIN,real_money,2.7
326,1935,2026-06-12 08:22:00,Iron Sword,real_money,2.13
327,1935,2026-05-06 18:22:00,Rusty Dagger,real_money,2.84
328,1994,2026-05-21 10:46:00,Aegis Shield,real_money,10.56
329,1994,2026-03-24 10:46:00,Phoenix Blade,real_money,12.26
330,1994,2026-03-15 20:46:00,Phoenix Blade,real_money,12.26
331,1994,2026-05-01 00:46:00,Iron Sword,real_money,2.13
332,1994,2026-04-30 19:46:00,Leather Vest,real_money,1.99
333,2005,2026-01-31 09:38:00,Phoenix Blade,real_money,6.13
334,2005,2026-01-27 04:38:00,Phoenix Blade,real_money,6.13
335,2015,2026-06-05 22:05:00,Storm Bow,real_money,4.42
336,2015,2026-05-22 11:05:00,Aegis Shield,real_money,5.28
337,2034,2026-06-01 19:13:00,Aegis Shield,real_money,5.28
338,2034,2026-06-17 15:13:00,Leather Vest,real_money,3.98
339,2034,2026-07-12 05:13:00,Aegis Shield,real_money,5.28
340,2060,2026-03-23 05:00:00,Aegis Shield,real_money,5.28
341,2060,2026-07-07 20:00:00,Aegis Shield,real_money,10.56
342,2060,2026-04-17 02:00:00,Phoenix Blade,real_money,6.13
343,2071,2026-03-12 12:54:00,Aegis Shield,real_money,5.28
344,2071,2026-02-08 03:54:00,aegis shield,real_money,5.28
345,2081,2026-01-27 05:24:00,Phoenix Blade,real_money,6.13
346,2102,2026-06-01 18:29:00,AEGIS SHIELD,real_money,5.28
347,2102,2026-03-28 14:29:00,leather vest,real_money,1.99
348,2102,2026-04-27 23:29:00,Frost Wand,real_money,4.13
349,2102,2026-06-06 06:29:00,Healing Charm,real_money,3.56
350,2108,2026-07-03 05:51:00,Storm Bow,real_money,4.42
351,2108,2026-06-11 11:51:00,Phoenix Blade,real_money,6.13
352,2119,2026-04-03 11:57:00,Aegis Shield,real_money,10.56
353,2119,2026-06-07 09:57:00,Phoenix Blade,real_money,12.26
354,2155,2026-06-22 05:47:00,  Storm Bow ,real_money,4.42
355,2202,2026-02-25 22:31:00,leather vest,real_money,1.99
356,2202,2026-01-29 19:31:00,Rusty Dagger,real_money,1.42
357,2202,2026-03-11 12:31:00,Plate Mail,real_money,3.85
358,2211,2026-05-06 17:13:00,Phoenix Blade,real_money,6.13
359,2211,2026-05-15 21:13:00,  Storm Bow ,real_money,4.42
360,2211,2026-03-30 12:13:00,PLATE MAIL,real_money,3.85
361,2254,2026-03-02 01:16:00,Plate Mail,real_money,3.85
362,2254,2026-04-02 00:16:00,Phoenix Blade,real_money,12.26
363,2254,2026-04-27 18:16:00,Storm Bow,real_money,8.84
364,2280,2026-04-16 06:19:00,Leather Vest,real_money,1.99
365,2280,2026-03-17 10:19:00,Iron Sword,real_money,2.13
366,2280,2026-04-01 09:19:00,Aegis Shield,real_money,5.28
367,2280,2026-06-14 12:19:00,Aegis Shield,real_money,5.28
368,2280,2026-04-19 02:19:00,Lucky Coin,real_money,5.4
369,2285,2026-02-25 18:46:00,lucky coin,real_money,2.7
370,2300,2026-05-06 09:57:00,Rusty Dagger,real_money,1.42
371,2300,2026-05-30 16:57:00,phoenix blade,real_money,6.13
372,2300,2026-05-03 04:57:00,  Phoenix Blade ,real_money,6.13
373,2300,2026-04-12 06:57:00,Leather Vest,real_money,1.99
374,2318,2026-04-12 21:48:00,Plate Mail,real_money,3.85
375,2318,2026-06-17 22:48:00,Aegis Shield,real_money,5.28
376,2323,2026-05-21 13:12:00,Iron Sword,real_money,2.13
377,2323,2026-02-14 23:12:00,Rusty Dagger,real_money,1.42
378,2323,2026-04-19 17:12:00,phoenix blade,real_money,6.13
379,2323,2026-04-06 11:12:00,Aegis Shield,real_money,5.28
380,2323,2026-02-07 21:12:00,Iron Sword,real_money,2.13
381,2323,2026-05-26 17:12:00,Aegis Shield,real_money,10.56
382,2324,2026-03-20 20:38:00,phoenix blade,real_money,6.13
383,2361,2026-05-06 16:10:00,Phoenix Blade,real_money,12.26
384,2361,2026-02-28 16:10:00,Plate Mail,real_money,3.85
385,2361,2026-04-24 10:10:00,Phoenix Blade,real_money,6.13
386,2361,2026-03-15 11:10:00,Lucky Coin,real_money,5.4
387,2388,2026-04-25 12:27:00,Aegis Shield,real_money,5.28
388,2388,2026-02-09 01:27:00,Aegis Shield,real_money,5.28
389,2395,2026-03-20 03:13:00,Healing Charm,real_money,3.56
390,2395,2026-02-03 21:13:00,  Rusty Dagger ,real_money,1.42
391,2395,2026-03-25 13:13:00,Lucky Coin,real_money,2.7
392,2419,2026-03-01 01:29:00,IRON SWORD,real_money,2.13
393,2419,2026-05-07 05:29:00,Plate Mail,real_money,3.85
394,2448,2026-02-05 00:37:00,LUCKY COIN,real_money,
395,2448,2026-02-10 00:37:00,Phoenix Blade,real_money,12.26
396,2448,2026-01-26 08:37:00,Aegis Shield,real_money,5.28
397,2451,2026-05-21 16:06:00,Healing Charm,real_money,3.56
398,2471,2026-05-25 11:27:00,Frost Wand,real_money,4.13
399,2471,2026-06-17 08:27:00,Lucky Coin,real_money,2.7
400,2471,2026-06-10 18:27:00,Plate Mail,real_money,7.7
401,2471,2026-06-08 23:27:00,Storm Bow,real_money,4.42
402,2471,2026-06-25 04:27:00,Healing Charm,real_money,3.56
403,2497,2026-06-18 09:39:00,Aegis Shield,real_money,5.28
404,2497,2026-04-18 00:39:00,Aegis Shield,real_money,5.28
405,2497,2026-04-25 10:39:00,Phoenix Blade,real_money,12.26
406,2497,2026-06-17 14:39:00,Frost Wand,real_money,4.13
407,2511,2026-04-21 18:33:00,Aegis Shield,real_money,5.28
408,2511,2026-05-07 21:33:00,Aegis Shield,real_money,5.28
409,2511,2026-04-01 05:33:00,Storm Bow,real_money,4.42
410,2531,2026-02-07 07:41:00,Aegis Shield,real_money,10.56
411,2531,2026-02-28 03:41:00,Frost Wand,real_money,8.26
412,2531,2026-05-11 08:41:00,Frost Wand,real_money,4.13
413,2553,2026-04-17 23:29:00,Aegis Shield,real_money,5.28
414,2553,2026-06-15 12:29:00,Lucky Coin,real_money,5.4
415,2553,2026-03-20 17:29:00,Leather Vest,real_money,3.98
416,2553,2026-04-28 02:29:00,phoenix blade,real_money,6.13
417,2553,2026-04-08 09:29:00,Iron Sword,real_money,2.13
418,2553,2026-05-01 06:29:00,Phoenix Blade,real_money,6.13
419,2568,2026-01-21 10:33:00,Aegis Shield,real_money,10.56
420,2568,2026-03-24 16:33:00,Aegis Shield,real_money,5.28
421,2570,2026-02-02 06:37:00,Aegis Shield,real_money,10.56
422,2570,2026-01-22 19:37:00,Plate Mail,real_money,3.85
423,2570,2026-03-14 00:37:00,Storm Bow,real_money,8.84
424,2570,2026-01-26 13:37:00,FROST WAND,real_money,4.13
425,2595,2026-06-06 13:29:00,Phoenix Blade,real_money,6.13
426,2595,2026-04-03 03:29:00,frost wand,real_money,4.13
427,2595,2026-03-01 20:29:00,Storm Bow,real_money,8.84
428,2641,2026-03-13 18:29:00,Aegis Shield,real_money,5.28
429,2654,2026-02-11 17:10:00,Aegis Shield,real_money,5.28
430,2654,2026-02-06 02:10:00,  Aegis Shield ,real_money,5.28
431,2654,2026-01-21 19:10:00,Frost Wand,real_money,4.13
432,2654,2026-01-29 19:10:00,Lucky Coin,real_money,2.7
433,2659,2026-03-26 11:46:00,Phoenix Blade,real_money,6.13
434,2685,2026-02-18 17:06:00,Lucky Coin,real_money,2.7
435,2685,2026-04-24 15:06:00,Aegis Shield,real_money,5.28
436,2691,2026-05-04 22:07:00,Rusty Dagger,real_money,1.42
437,2691,2026-04-18 01:07:00,Phoenix Blade,real_money,12.26
438,2696,2026-02-24 03:17:00,Aegis Shield,real_money,5.28
439,2696,2026-04-27 11:17:00,Aegis Shield,real_money,5.28
440,2696,2026-03-19 04:17:00,Phoenix Blade,real_money,6.13
441,2705,2026-04-20 10:23:00,  Iron Sword ,real_money,4.26
442,2705,2026-06-16 01:23:00,Phoenix Blade,real_money,6.13
443,2705,2026-06-17 05:23:00,Phoenix Blade,real_money,6.13
444,2767,2026-04-23 10:41:00,Phoenix Blade,real_money,6.13
445,2767,2026-04-30 21:41:00,Phoenix Blade,real_money,6.13
446,2774,2026-04-26 13:34:00,Healing Charm,real_money,3.56
447,2774,2026-04-06 00:34:00,Healing Charm,real_money,3.56
448,2795,2026-03-20 13:35:00,Lucky Coin,real_money,2.7
449,2795,2026-03-21 13:35:00,Phoenix Blade,real_money,6.13
450,2821,2026-01-26 23:16:00,  Aegis Shield ,real_money,5.28
451,2821,2026-04-02 09:16:00,Aegis Shield,real_money,5.28
452,2821,2026-03-01 05:16:00,Frost Wand,real_money,8.26
453,2840,2026-05-18 02:29:00,Healing Charm,real_money,3.56
454,2840,2026-07-28 06:29:00,Iron Sword,real_money,2.13
455,2843,2026-05-25 07:32:00,HEALING CHARM,real_money,7.12
456,2889,2026-04-17 23:34:00,Phoenix Blade,real_money,6.13
457,2904,2026-03-15 10:29:00,HEALING CHARM,real_money,7.12
458,2904,2026-04-13 06:29:00,Aegis Shield,real_money,5.28
459,2904,2026-06-07 13:29:00,Phoenix Blade,real_money,6.13
460,2934,2026-04-22 12:58:00,Phoenix Blade,real_money,12.26
461,2934,2026-04-08 22:58:00,Phoenix Blade,real_money,12.26
462,2934,2026-04-02 12:58:00,Plate Mail,real_money,3.85
463,2934,2026-07-12 21:58:00,Frost Wand,real_money,4.13
464,2942,2026-03-30 13:11:00,iron sword,real_money,2.13
465,2942,2026-04-23 00:11:00,Phoenix Blade,real_money,6.13
466,2952,2026-04-26 10:54:00,Phoenix Blade,real_money,12.26
467,3004,2026-05-24 16:42:00,Leather Vest,real_money,1.99
468,3004,2026-03-21 05:42:00,Phoenix Blade,real_money,6.13
469,3004,2026-07-08 20:42:00,Leather Vest,real_money,1.99
470,3004,2026-05-03 11:42:00,Storm Bow,real_money,4.42
471,3004,2026-04-21 05:42:00,Aegis Shield,real_money,5.28
472,3013,2026-03-13 06:26:00,Lucky Coin,real_money,2.7
473,3013,2026-01-29 02:26:00,Iron Sword,real_money,2.13
474,3022,2026-03-22 02:29:00,Leather Vest,real_money,1.99
475,3022,2026-06-05 17:29:00,Rusty Dagger,real_money,1.42
476,3022,2026-06-04 12:29:00,Aegis Shield,real_money,10.56
477,3030,2026-04-24 23:37:00,Phoenix Blade,real_money,6.13
478,3030,2026-04-02 07:37:00,Aegis Shield,real_money,10.56
479,3030,2026-03-22 01:37:00,PHOENIX BLADE,real_money,12.26
480,3041,2026-05-09 00:10:00,Rusty Dagger,real_money,1.42
481,3054,2026-06-28 02:45:00,STORM BOW,real_money,8.84
482,3054,2026-06-21 13:45:00,Iron Sword,real_money,4.26
483,3065,2026-02-25 10:48:00,Aegis Shield,real_money,5.28
484,3065,2026-02-05 06:48:00,Phoenix Blade,real_money,6.13
485,3070,2026-03-11 12:29:00,Healing Charm,real_money,7.12
486,3070,2026-02-12 20:29:00,Healing Charm,real_money,3.56
487,3070,2026-04-24 19:29:00,  Phoenix Blade ,real_money,6.13
488,3070,2026-03-09 06:29:00,Iron Sword,real_money,2.13
489,3086,2026-03-31 01:07:00,Phoenix Blade,real_money,6.13
490,3086,2026-01-24 01:07:00,Healing Charm,real_money,3.56
491,3086,2026-02-19 21:07:00,Plate Mail,real_money,3.85
492,3086,2026-03-18 09:07:00,  Aegis Shield ,real_money,5.28
493,3086,2026-05-16 18:07:00,Iron Sword,real_money,2.13
494,3086,2026-05-03 17:07:00,phoenix blade,real_money,6.13
495,3096,2026-04-15 18:27:00,Healing Charm,real_money,3.56
496,3100,2026-04-23 14:03:00,  Leather Vest ,real_money,1.99
497,3100,2026-06-04 02:03:00,Phoenix Blade,real_money,6.13
498,3116,2026-05-28 05:07:00,Phoenix Blade,real_money,6.13
499,3116,2026-05-09 18:07:00,Frost Wand,real_money,4.13
500,3116,2026-05-17 22:07:00,Leather Vest,real_money,3.98
501,3126,2026-04-21 10:36:00,  Phoenix Blade ,real_money,6.13
502,3126,2026-05-04 04:36:00,Aegis Shield,real_money,5.28
503,3126,2026-05-19 08:36:00,Phoenix Blade,real_money,12.26
504,3126,2026-02-09 04:36:00,Aegis Shield,real_money,5.28
505,3131,2026-04-20 06:40:00,Aegis Shield,real_money,5.28
506,3140,2026-05-01 15:48:00,Leather Vest,real_money,1.99
507,3150,2026-04-29 16:58:00,lucky coin,real_money,5.4
508,3150,2026-05-13 08:58:00,Rusty Dagger,real_money,1.42
509,3157,2026-05-26 04:41:00,Aegis Shield,real_money,5.28
510,3157,2026-06-27 07:41:00,Aegis Shield,real_money,5.28
511,3204,2026-04-12 00:01:00,Plate Mail,real_money,3.85
512,3211,2026-04-03 00:01:00,Aegis Shield,real_money,10.56
513,3211,2026-05-11 14:01:00,Rusty Dagger,real_money,1.42
514,3211,2026-05-31 02:01:00,Phoenix Blade,real_money,6.13
515,3231,2026-04-13 09:14:00,Aegis Shield,real_money,5.28
516,3231,2026-01-30 06:14:00,Frost Wand,real_money,4.13
517,3231,2026-02-07 09:14:00,Aegis Shield,real_money,5.28
518,3239,2026-03-14 11:08:00,Frost Wand,real_money,4.13
519,3239,2026-04-17 11:08:00,Healing Charm,real_money,7.12
520,3251,2026-04-13 08:03:00,Aegis Shield,real_money,5.28
521,3251,2026-06-09 03:03:00,Aegis Shield,real_money,5.28
522,3251,2026-04-16 10:03:00,Phoenix Blade,real_money,12.26
523,3251,2026-06-24 20:03:00,Storm Bow,real_money,
524,3255,2026-03-09 00:27:00,PHOENIX BLADE,real_money,6.13
525,3255,2026-03-04 14:27:00,Aegis Shield,real_money,5.28
526,3255,2026-05-02 15:27:00,Leather Vest,real_money,1.99
527,3255,2026-01-19 03:27:00,Iron Sword,real_money,2.13
528,3255,2026-04-10 10:27:00,Plate Mail,real_money,3.85
529,3255,2026-04-08 10:27:00,aegis shield,real_money,10.56
530,3258,2026-04-15 12:07:00,Phoenix Blade,real_money,6.13
531,3258,2026-06-03 18:07:00,plate mail,real_money,3.85
532,3267,2026-04-15 06:55:00,Plate Mail,real_money,3.85
533,3267,2026-04-18 03:55:00,Phoenix Blade,real_money,6.13
534,3273,2026-02-26 03:05:00,Phoenix Blade,real_money,6.13
535,3273,2026-04-13 17:05:00,Aegis Shield,real_money,10.56
536,3273,2026-02-26 13:05:00,Storm Bow,real_money,4.42
537,3273,2026-01-07 11:05:00,PHOENIX BLADE,real_money,6.13
538,3273,2026-01-07 20:05:00,Aegis Shield,real_money,5.28
539,3281,2026-06-10 15:03:00,Lucky Coin,real_money,5.4
540,3281,2026-04-12 18:03:00,Phoenix Blade,real_money,6.13
541,3281,2026-05-26 12:03:00,phoenix blade,real_money,6.13
542,3303,2026-05-18 06:56:00,aegis shield,real_money,5.28
543,3303,2026-04-10 06:56:00,Phoenix Blade,real_money,6.13
544,3310,2026-05-07 01:49:00,Aegis Shield,real_money,5.28
545,3311,2026-06-09 01:47:00,Plate Mail,real_money,3.85
546,3311,2026-05-31 23:47:00,Leather Vest,real_money,3.98
547,3311,2026-04-11 00:47:00,Phoenix Blade,real_money,6.13
548,3311,2026-07-17 05:47:00,Phoenix Blade,real_money,12.26
549,3311,2026-06-03 19:47:00,Lucky Coin,real_money,5.4
550,3311,2026-05-31 15:47:00,Aegis Shield,real_money,10.56
551,3314,2026-04-09 09:28:00,Lucky Coin,real_money,2.7
552,3314,2026-04-23 17:28:00,  Aegis Shield ,real_money,10.56
553,3321,2026-04-01 03:46:00,Phoenix Blade,real_money,6.13
554,3321,2026-03-08 17:46:00,Rusty Dagger,real_money,1.42
555,3321,2026-03-03 23:46:00,Plate Mail,real_money,3.85
556,3321,2026-04-27 18:46:00,Phoenix Blade,real_money,6.13
557,3321,2026-04-13 16:46:00,Aegis Shield,real_money,10.56
558,3321,2026-03-11 13:46:00,Plate Mail,real_money,7.7
559,3362,2026-03-24 04:14:00,  Rusty Dagger ,real_money,1.42
560,3362,2026-04-09 22:14:00,  Healing Charm ,real_money,7.12
561,3380,2026-06-24 19:19:00,Healing Charm,real_money,3.56
562,3380,2026-07-04 21:19:00,Healing Charm,real_money,7.12
563,3380,2026-06-15 15:19:00,Aegis Shield,real_money,5.28
564,3380,2026-07-07 09:19:00,Phoenix Blade,real_money,6.13
565,3380,2026-05-28 05:19:00,  Healing Charm ,real_money,3.56
566,3380,2026-04-09 15:19:00,storm bow,real_money,
567,3389,2026-04-09 09:59:00,Lucky Coin,real_money,2.7
568,3389,2026-06-16 23:59:00,Phoenix Blade,real_money,6.13
569,3389,2026-04-25 05:59:00,  Aegis Shield ,real_money,5.28
570,3430,2026-04-19 23:54:00,Phoenix Blade,real_money,12.26
571,3430,2026-07-03 10:54:00,Healing Charm,real_money,3.56
572,3430,2026-04-19 15:54:00,Rusty Dagger,real_money,1.42
573,3439,2026-03-28 23:16:00,frost wand,real_money,8.26
574,3439,2026-04-11 12:16:00,Plate Mail,real_money,7.7
575,3507,2026-04-28 05:07:00,Phoenix Blade,real_money,6.13
576,3516,2026-04-11 11:07:00,Phoenix Blade,real_money,6.13
577,3516,2026-05-01 05:07:00,Aegis Shield,real_money,5.28
578,3521,2026-06-21 10:36:00,Storm Bow,real_money,4.42
579,3521,2026-04-17 05:36:00,Aegis Shield,real_money,5.28
580,3522,2026-04-06 13:02:00,  Aegis Shield ,real_money,5.28
581,3522,2026-05-09 20:02:00,Plate Mail,real_money,3.85
582,3533,2026-02-16 10:56:00,Phoenix Blade,real_money,6.13
583,3533,2026-04-06 08:56:00,Aegis Shield,real_money,5.28
584,3533,2026-03-21 05:56:00,Plate Mail,real_money,7.7
585,3543,2026-04-26 03:09:00,Aegis Shield,real_money,5.28
586,3555,2026-04-25 13:29:00,lucky coin,real_money,5.4
587,3555,2026-03-27 06:29:00,Plate Mail,real_money,7.7
588,3555,2026-04-30 16:29:00,Frost Wand,real_money,4.13
589,3571,2026-05-31 15:21:00,Phoenix Blade,real_money,12.26
590,3571,2026-03-29 01:21:00,Leather Vest,real_money,3.98
591,3571,2026-07-08 01:21:00,Aegis Shield,real_money,5.28
592,3576,2026-04-05 07:45:00,Lucky Coin,real_money,5.4
593,3590,2026-05-07 17:21:00,Lucky Coin,real_money,5.4
594,3590,2026-04-06 00:21:00,Lucky Coin,real_money,2.7
595,3593,2026-05-21 09:41:00,Phoenix Blade,real_money,12.26
596,3593,2026-05-09 23:41:00,Plate Mail,real_money,3.85
597,3593,2026-06-10 07:41:00,Healing Charm,real_money,3.56
598,3605,2026-04-17 02:39:00,  Storm Bow ,real_money,4.42
599,3605,2026-06-06 19:39:00,phoenix blade,real_money,12.26
600,3610,2026-03-25 18:21:00,Aegis Shield,real_money,5.28
601,3610,2026-03-10 15:21:00,Aegis Shield,real_money,5.28
602,3628,2026-05-09 17:43:00,Rusty Dagger,real_money,1.42
603,3628,2026-07-06 10:43:00,Frost Wand,real_money,8.26
604,3628,2026-06-18 14:43:00,Lucky Coin,real_money,2.7
605,3667,2026-04-19 02:36:00,Frost Wand,real_money,8.26
606,3682,2026-02-10 12:00:00,Rusty Dagger,real_money,1.42
607,3682,2026-01-28 09:00:00,Phoenix Blade,real_money,12.26
608,3706,2026-05-14 20:06:00,aegis shield,real_money,5.28
609,3706,2026-02-16 06:06:00,Frost Wand,real_money,4.13
610,3706,2026-03-02 10:06:00,Phoenix Blade,real_money,6.13
611,3706,2026-05-14 09:06:00,Iron Sword,real_money,4.26
612,3717,2026-03-26 00:54:00,Aegis Shield,real_money,5.28
613,3723,2026-03-30 19:44:00,Frost Wand,real_money,4.13
614,3723,2026-06-12 03:44:00,phoenix blade,real_money,6.13
615,3723,2026-04-08 09:44:00,Storm Bow,real_money,4.42
616,3723,2026-04-14 05:44:00,Lucky Coin,real_money,2.7
617,3723,2026-05-09 07:44:00,Healing Charm,real_money,3.56
618,3723,2026-03-31 04:44:00,Storm Bow,real_money,4.42
619,3725,2026-07-17 21:17:00,Aegis Shield,real_money,5.28
620,3725,2026-05-07 11:17:00,Aegis Shield,real_money,10.56
621,3736,2026-04-01 13:26:00,Plate Mail,real_money,3.85
622,3736,2026-05-30 17:26:00,Rusty Dagger,real_money,1.42
623,3739,2026-01-19 05:28:00,Plate Mail,real_money,3.85
624,3739,2026-04-22 10:28:00,Healing Charm,real_money,3.56
625,3739,2026-01-31 14:28:00,Phoenix Blade,real_money,12.26
626,3747,2026-03-21 22:53:00,Frost Wand,real_money,4.13
627,3747,2026-03-10 11:53:00,Phoenix Blade,real_money,6.13
628,3747,2026-02-11 22:53:00,Phoenix Blade,real_money,6.13
629,3747,2026-02-11 17:53:00,Phoenix Blade,real_money,6.13
630,3747,2026-04-09 22:53:00,PHOENIX BLADE,real_money,6.13
631,3752,2026-05-14 00:25:00,Frost Wand,real_money,4.13
632,3781,2026-04-20 23:53:00,Aegis Shield,real_money,5.28
633,3781,2026-03-08 11:53:00,Plate Mail,real_money,3.85
634,3781,2026-03-10 05:53:00,Rusty Dagger,real_money,1.42
635,3781,2026-02-04 10:53:00,Iron Sword,real_money,2.13
636,3781,2026-05-21 17:53:00,Healing Charm,real_money,3.56
637,3854,2026-05-15 11:44:00,Frost Wand,real_money,4.13
638,3854,2026-05-02 22:44:00,Phoenix Blade,real_money,6.13
639,3854,2026-06-30 00:44:00,Aegis Shield,real_money,10.56
640,3865,2026-04-26 03:29:00,  Aegis Shield ,real_money,5.28
641,3865,2026-04-13 02:29:00,rusty dagger,real_money,2.84
642,3870,2026-02-20 16:44:00,Plate Mail,real_money,7.7
643,3870,2026-04-02 17:44:00,Phoenix Blade,real_money,6.13
644,3874,2026-02-17 20:24:00,Phoenix Blade,real_money,12.26
645,3886,2026-03-12 14:30:00,Aegis Shield,real_money,5.28
646,3892,2026-06-01 08:07:00,Iron Sword,real_money,2.13
647,3911,2026-06-06 16:12:00,Plate Mail,real_money,3.85
648,3911,2026-03-27 16:12:00,Phoenix Blade,real_money,6.13
649,3916,2026-06-14 23:54:00,aegis shield,real_money,10.56
650,3916,2026-03-05 04:54:00,Rusty Dagger,real_money,1.42
651,3916,2026-03-14 09:54:00,Frost Wand,real_money,4.13
652,3916,2026-04-16 07:54:00,Aegis Shield,real_money,5.28
653,4042,2026-04-15 12:12:00,Iron Sword,real_money,4.26
654,4042,2026-04-03 12:12:00,Aegis Shield,real_money,10.56
655,4042,2026-07-07 12:12:00,phoenix blade,real_money,12.26
656,4045,2026-04-20 23:29:00,Frost Wand,real_money,8.26
657,4045,2026-03-27 14:29:00,Storm Bow,real_money,4.42
658,4045,2026-04-16 17:29:00,Phoenix Blade,real_money,12.26
659,4050,2026-05-13 12:23:00,Iron Sword,real_money,2.13
660,4056,2026-03-22 23:31:00,Phoenix Blade,real_money,6.13
661,4056,2026-06-11 02:31:00,Phoenix Blade,real_money,6.13
662,4124,2026-04-22 17:01:00,Aegis Shield,real_money,5.28
663,4124,2026-02-24 13:01:00,  Frost Wand ,real_money,4.13
664,4124,2026-04-21 12:01:00,Aegis Shield,real_money,10.56
665,4124,2026-06-18 00:01:00,  Phoenix Blade ,real_money,6.13
666,4136,2026-04-29 01:50:00,Plate Mail,real_money,3.85
667,4136,2026-05-06 22:50:00,Healing Charm,real_money,3.56
668,4136,2026-02-08 21:50:00,Iron Sword,real_money,2.13
669,4136,2026-05-28 04:50:00,Healing Charm,real_money,3.56
670,4143,2026-07-03 19:00:00,Phoenix Blade,real_money,6.13
671,4143,2026-05-02 06:00:00,Phoenix Blade,real_money,6.13
672,4143,2026-04-09 10:00:00,Aegis Shield,real_money,10.56
673,4143,2026-03-31 23:00:00,Aegis Shield,real_money,10.56
674,4150,2026-05-11 18:16:00,Rusty Dagger,real_money,1.42
675,4150,2026-06-03 19:16:00,  Aegis Shield ,real_money,5.28
676,4150,2026-04-04 10:16:00,Aegis Shield,real_money,5.28
677,4150,2026-03-27 09:16:00,Aegis Shield,real_money,10.56
678,4150,2026-03-30 07:16:00,Phoenix Blade,real_money,6.13
679,4155,2026-07-02 09:38:00,Healing Charm,real_money,7.12
680,4155,2026-05-20 23:38:00,Leather Vest,real_money,1.99
681,4155,2026-04-19 16:38:00,Frost Wand,real_money,4.13
682,4155,2026-06-10 17:38:00,aegis shield,real_money,5.28
683,4162,2026-04-28 04:11:00,Lucky Coin,real_money,2.7
684,4162,2026-03-13 20:11:00,Aegis Shield,real_money,5.28
685,4176,2026-05-31 14:42:00,  Aegis Shield ,real_money,5.28
686,4176,2026-06-06 16:42:00,Phoenix Blade,real_money,12.26
687,4176,2026-06-02 02:42:00,Phoenix Blade,real_money,6.13
688,4176,2026-04-18 07:42:00,Rusty Dagger,real_money,2.84
689,4176,2026-06-29 00:42:00,Aegis Shield,real_money,5.28
690,4176,2026-04-28 20:42:00,Rusty Dagger,real_money,2.84
691,4180,2026-05-02 11:33:00,Aegis Shield,real_money,5.28
692,4180,2026-02-11 23:33:00,Phoenix Blade,real_money,6.13
693,4185,2026-03-30 20:14:00,Frost Wand,real_money,8.26
694,4185,2026-05-20 01:14:00,Healing Charm,real_money,3.56
695,4204,2026-06-27 05:11:00,Plate Mail,real_money,3.85
696,4204,2026-07-29 15:11:00,Healing Charm,real_money,3.56
697,4204,2026-07-15 09:11:00,  Frost Wand ,real_money,4.13
698,4233,2026-04-11 12:48:00,Aegis Shield,real_money,10.56
699,4233,2026-06-16 06:48:00,Aegis Shield,real_money,5.28
700,4233,2026-04-14 07:48:00,Lucky Coin,real_money,2.7
701,4237,2026-04-23 18:14:00,Frost Wand,real_money,4.13
702,4237,2026-05-24 14:14:00,Phoenix Blade,real_money,6.13
703,4237,2026-03-03 18:14:00,Healing Charm,real_money,7.12
704,4244,2026-04-30 00:02:00,Aegis Shield,real_money,5.28
705,4244,2026-04-18 02:02:00,Phoenix Blade,real_money,12.26
706,4312,2026-05-26 21:22:00,Plate Mail,real_money,7.7
707,4312,2026-06-30 06:22:00,Lucky Coin,real_money,2.7
708,4312,2026-05-02 05:22:00,Storm Bow,real_money,8.84
709,4312,2026-04-14 00:22:00,Plate Mail,real_money,3.85
710,4312,2026-05-25 08:22:00,Storm Bow,real_money,4.42
711,4352,2026-04-29 10:53:00,Phoenix Blade,real_money,6.13
712,4352,2026-03-14 06:53:00,Frost Wand,real_money,8.26
713,4352,2026-04-12 17:53:00,Frost Wand,real_money,4.13
714,4352,2026-05-20 08:53:00,Aegis Shield,real_money,5.28
715,4352,2026-04-15 11:53:00,PHOENIX BLADE,real_money,6.13
716,4359,2026-03-26 19:33:00,Aegis Shield,real_money,5.28
717,4359,2026-07-03 14:33:00,Rusty Dagger,real_money,2.84
718,4359,2026-05-26 06:33:00,Plate Mail,real_money,7.7
719,4359,2026-06-01 16:33:00,Aegis Shield,real_money,5.28
720,4359,2026-05-28 22:33:00,Healing Charm,real_money,3.56
721,4370,2026-05-19 10:53:00,Frost Wand,real_money,4.13
722,4370,2026-03-08 22:53:00,AEGIS SHIELD,real_money,5.28
723,4370,2026-04-05 10:53:00,Healing Charm,real_money,3.56
724,4370,2026-02-25 09:53:00,Aegis Shield,real_money,5.28
725,4398,2026-03-17 02:42:00,Phoenix Blade,real_money,12.26
726,4398,2026-07-10 18:42:00,Aegis Shield,real_money,5.28
727,4402,2026-01-21 21:02:00,Phoenix Blade,real_money,6.13
728,4416,2026-03-10 08:03:00,Aegis Shield,real_money,10.56
729,4416,2026-05-10 16:03:00,leather vest,real_money,1.99
730,4416,2026-03-26 04:03:00,  Rusty Dagger ,real_money,1.42
731,4426,2026-04-02 15:18:00,Iron Sword,real_money,2.13
732,4426,2026-02-21 12:18:00,Frost Wand,real_money,4.13
733,4426,2026-04-25 19:18:00,Phoenix Blade,real_money,6.13
734,4435,2026-06-10 22:33:00,Storm Bow,real_money,4.42
735,4435,2026-06-30 05:33:00,Phoenix Blade,real_money,6.13
736,4435,2026-07-02 00:33:00,Lucky Coin,real_money,2.7
737,4442,2026-04-24 02:42:00,phoenix blade,real_money,6.13
738,4442,2026-05-01 21:42:00,Aegis Shield,real_money,10.56
739,4442,2026-04-15 06:42:00,Aegis Shield,real_money,5.28
740,4442,2026-04-02 20:42:00,Phoenix Blade,real_money,6.13
741,4487,2026-05-12 08:40:00,Aegis Shield,real_money,5.28
742,4487,2026-05-30 19:40:00,Leather Vest,real_money,1.99
743,4512,2026-03-13 23:46:00,Phoenix Blade,real_money,6.13
744,4512,2026-05-24 10:46:00,  Iron Sword ,real_money,2.13
745,4516,2026-03-18 22:55:00,Phoenix Blade,real_money,6.13
746,4516,2026-03-19 02:55:00,Lucky Coin,real_money,2.7
747,4516,2026-04-29 00:55:00,Phoenix Blade,real_money,6.13
748,4536,2026-03-16 13:05:00,Aegis Shield,real_money,5.28
749,4536,2026-04-13 14:05:00,Storm Bow,real_money,8.84
750,4552,2026-01-10 14:14:00,Phoenix Blade,real_money,12.26
751,4552,2026-01-10 00:14:00,Phoenix Blade,real_money,6.13
752,4552,2026-03-29 11:14:00,Aegis Shield,real_money,10.56
753,4559,2026-03-20 19:50:00,Lucky Coin,real_money,2.7
754,4559,2026-03-02 05:50:00,Phoenix Blade,real_money,6.13
755,4559,2026-06-03 21:50:00,Iron Sword,real_money,2.13
756,4566,2026-04-29 19:49:00,storm bow,real_money,4.42
757,4566,2026-06-29 14:49:00,Phoenix Blade,real_money,12.26
758,4569,2026-05-02 09:13:00,Aegis Shield,real_money,5.28
759,4569,2026-05-11 17:13:00,FROST WAND,real_money,4.13
760,4569,2026-04-08 23:13:00,Phoenix Blade,real_money,6.13
761,4569,2026-04-08 08:13:00,Phoenix Blade,real_money,6.13
762,4580,2026-04-09 19:21:00,plate mail,real_money,7.7
763,4591,2026-05-15 07:29:00,Plate Mail,real_money,7.7
764,4615,2026-05-19 07:49:00,Phoenix Blade,real_money,12.26
765,4615,2026-05-12 04:49:00,Frost Wand,real_money,4.13
766,4649,2026-05-26 15:31:00,Aegis Shield,real_money,
767,4649,2026-06-28 23:31:00,Aegis Shield,real_money,5.28
768,4649,2026-07-18 22:31:00,  Aegis Shield ,real_money,5.28
769,4649,2026-04-06 21:31:00,Aegis Shield,real_money,5.28
770,4649,2026-07-17 16:31:00,Aegis Shield,real_money,10.56
771,4649,2026-06-26 20:31:00,Lucky Coin,real_money,2.7
772,4656,2026-04-24 09:01:00,aegis shield,real_money,10.56
773,4656,2026-03-19 00:01:00,Phoenix Blade,real_money,6.13
774,4696,2026-04-21 00:39:00,  Phoenix Blade ,real_money,6.13
775,4696,2026-04-07 22:39:00,Aegis Shield,real_money,5.28
776,4696,2026-02-23 20:39:00,Phoenix Blade,real_money,6.13
777,4748,2026-06-17 11:20:00,Lucky Coin,real_money,2.7
778,4748,2026-04-04 04:20:00,Phoenix Blade,real_money,6.13
779,4764,2026-02-21 12:30:00,Phoenix Blade,real_money,6.13
780,4764,2026-03-31 21:30:00,Storm Bow,real_money,8.84
781,4764,2026-03-25 18:30:00,Rusty Dagger,real_money,1.42
782,4771,2026-04-22 03:10:00,Aegis Shield,real_money,5.28
783,4771,2026-02-28 18:10:00,Lucky Coin,real_money,2.7
784,4771,2026-01-26 11:10:00,Phoenix Blade,real_money,6.13
785,4782,2026-06-07 07:39:00,Iron Sword,real_money,2.13
786,4782,2026-03-25 20:39:00,Phoenix Blade,real_money,12.26
787,4783,2026-02-15 14:41:00,Phoenix Blade,real_money,12.26
788,4783,2026-05-14 15:41:00,Lucky Coin,real_money,5.4
789,4783,2026-03-29 20:41:00,AEGIS SHIELD,real_money,5.28
790,4783,2026-03-01 16:41:00,Aegis Shield,real_money,5.28
791,4783,2026-02-27 21:41:00,  Phoenix Blade ,real_money,6.13
792,4808,2026-04-28 18:01:00,Healing Charm,real_money,3.56
793,4808,2026-03-31 15:01:00,aegis shield,real_money,5.28
794,4817,2026-06-09 14:56:00,Healing Charm,real_money,3.56
795,4817,2026-04-10 17:56:00,Aegis Shield,real_money,5.28
796,4817,2026-03-07 12:56:00,Aegis Shield,real_money,5.28
797,4818,2026-02-27 07:07:00,iron sword,real_money,2.13
798,4818,2026-02-15 07:07:00,Leather Vest,real_money,1.99
799,4818,2026-02-12 14:07:00,  Storm Bow ,real_money,8.84
800,4818,2026-04-06 12:07:00,Healing Charm,real_money,3.56
801,4818,2026-01-30 23:07:00,Rusty Dagger,real_money,1.42
802,4833,2026-05-01 21:44:00,Aegis Shield,real_money,5.28
803,4843,2026-06-05 01:30:00,Phoenix Blade,real_money,12.26
804,4843,2026-04-21 00:30:00,Storm Bow,real_money,4.42
805,4843,2026-05-24 01:30:00,Frost Wand,real_money,4.13
806,4843,2026-05-26 00:30:00,frost wand,real_money,4.13
807,4853,2026-07-03 03:17:00,Aegis Shield,real_money,5.28
808,4853,2026-04-30 16:17:00,Lucky Coin,real_money,5.4
809,4853,2026-03-21 17:17:00,rusty dagger,real_money,2.84
810,4884,2026-06-28 15:01:00,Phoenix Blade,real_money,6.13
811,4884,2026-05-31 20:01:00,Phoenix Blade,real_money,12.26
812,4884,2026-03-21 19:01:00,Phoenix Blade,real_money,6.13
813,4884,2026-06-28 17:01:00,Plate Mail,real_money,3.85
814,4884,2026-03-16 08:01:00,Phoenix Blade,real_money,6.13
815,4884,2026-05-14 18:01:00,Phoenix Blade,real_money,6.13
816,4913,2026-06-23 05:46:00,Plate Mail,real_money,3.85
817,4913,2026-06-22 04:46:00,Phoenix Blade,real_money,6.13
818,4913,2026-04-28 08:46:00,Phoenix Blade,real_money,12.26
819,4913,2026-06-26 10:46:00,Phoenix Blade,real_money,12.26
820,4913,2026-06-20 02:46:00,Phoenix Blade,real_money,6.13
821,4913,2026-06-24 15:46:00,leather vest,real_money,1.99
822,4916,2026-02-13 05:18:00,healing charm,real_money,3.56
823,4916,2026-06-06 17:18:00,Storm Bow,real_money,8.84
824,4934,2026-05-27 04:28:00,Aegis Shield,real_money,5.28
825,4988,2026-04-29 06:00:00,healing charm,real_money,3.56
826,4994,2026-02-24 12:44:00,lucky coin,real_money,2.7
827,4994,2026-06-02 16:44:00,Lucky Coin,real_money,2.7
828,4994,2026-03-15 20:44:00,Aegis Shield,real_money,5.28
829,5009,2026-05-20 21:09:00,Frost Wand,real_money,8.26
830,5018,2026-02-18 00:37:00,FROST WAND,real_money,4.13
831,5018,2026-04-14 08:37:00,Phoenix Blade,real_money,6.13
832,5018,2026-03-14 10:37:00,Healing Charm,real_money,3.56
833,5021,2026-05-01 15:48:00,Aegis Shield,real_money,5.28
834,5021,2026-04-22 20:48:00,aegis shield,real_money,5.28
835,5021,2026-03-06 22:48:00,Rusty Dagger,real_money,1.42
836,5023,2026-06-04 11:36:00,Phoenix Blade,real_money,12.26
837,5023,2026-04-28 14:36:00,Phoenix Blade,real_money,6.13
838,5023,2026-03-24 00:36:00,Phoenix Blade,real_money,6.13
839,5041,2026-03-04 04:50:00,Phoenix Blade,real_money,6.13
840,5041,2026-03-06 03:50:00,Plate Mail,real_money,3.85
841,5041,2026-04-21 07:50:00,Plate Mail,real_money,3.85
842,5041,2026-05-29 20:50:00,Aegis Shield,real_money,5.28
843,5082,2026-04-11 08:57:00,Rusty Dagger,real_money,1.42
844,5082,2026-05-25 23:57:00,Storm Bow,real_money,4.42
845,5082,2026-06-17 04:57:00,Phoenix Blade,real_money,6.13
846,5113,2026-05-29 13:27:00,Healing Charm,real_money,7.12
847,5113,2026-05-06 12:27:00,Phoenix Blade,real_money,12.26
848,5113,2026-03-29 17:27:00,Phoenix Blade,real_money,6.13
849,5147,2026-06-10 09:46:00,Phoenix Blade,real_money,6.13
850,5147,2026-07-23 21:46:00,LEATHER VEST,real_money,1.99
851,5147,2026-05-14 18:46:00,Iron Sword,real_money,2.13
852,5147,2026-05-25 00:46:00,Aegis Shield,real_money,5.28
853,5147,2026-05-04 19:46:00,Storm Bow,real_money,4.42
854,5170,2026-05-06 04:51:00,Aegis Shield,real_money,5.28
855,5170,2026-05-02 08:51:00,Rusty Dagger,real_money,1.42
856,5170,2026-06-29 19:51:00,Lucky Coin,real_money,2.7
857,5170,2026-06-25 14:51:00,Phoenix Blade,real_money,12.26
858,5200,2026-07-11 20:07:00,Frost Wand,real_money,4.13
859,5200,2026-03-21 02:07:00,Iron Sword,real_money,2.13
860,5236,2026-05-10 06:35:00,Plate Mail,real_money,3.85
861,5249,2026-03-01 19:33:00,Lucky Coin,real_money,2.7
862,5249,2026-05-24 05:33:00,Aegis Shield,real_money,5.28
863,5249,2026-02-02 01:33:00,Aegis Shield,real_money,5.28
864,5259,2026-02-19 12:29:00,Aegis Shield,real_money,10.56
865,5259,2026-03-15 02:29:00,iron sword,real_money,4.26
866,5259,2026-01-29 11:29:00,Phoenix Blade,real_money,6.13
867,5259,2026-04-20 12:29:00,Phoenix Blade,real_money,12.26
868,5265,2026-04-01 09:10:00,PHOENIX BLADE,real_money,6.13
869,5305,2026-04-06 18:57:00,Phoenix Blade,real_money,12.26
870,5305,2026-06-02 17:57:00,Lucky Coin,real_money,2.7
871,5317,2026-05-13 06:27:00,Aegis Shield,real_money,5.28
872,5317,2026-02-08 17:27:00,Storm Bow,real_money,4.42
873,5322,2026-03-11 07:09:00,Aegis Shield,real_money,5.28
874,5322,2026-03-31 15:09:00,Aegis Shield,real_money,5.28
875,5341,2026-03-21 00:11:00,Healing Charm,real_money,7.12
876,5365,2026-03-16 17:53:00,Frost Wand,real_money,4.13
877,5386,2026-02-23 13:50:00,Phoenix Blade,real_money,12.26
878,5386,2026-06-04 09:50:00,Frost Wand,real_money,4.13
879,5386,2026-04-05 14:50:00,Aegis Shield,real_money,10.56
880,5386,2026-02-21 04:50:00,Phoenix Blade,real_money,6.13
881,5397,2026-03-10 13:46:00,Phoenix Blade,real_money,12.26
882,5397,2026-05-22 02:46:00,Rusty Dagger,real_money,1.42
883,5397,2026-05-08 04:46:00,Storm Bow,real_money,4.42
884,5397,2026-03-09 06:46:00,Leather Vest,real_money,1.99
885,5436,2026-02-18 04:25:00,Aegis Shield,real_money,5.28
886,5436,2026-02-22 15:25:00,LEATHER VEST,real_money,1.99
887,5436,2026-03-26 10:25:00,Aegis Shield,real_money,10.56
888,5464,2026-02-25 05:40:00,Phoenix Blade,real_money,6.13
889,5464,2026-03-07 05:40:00,Aegis Shield,real_money,5.28
890,5464,2026-02-26 15:40:00,Plate Mail,real_money,3.85
891,5464,2026-03-04 16:40:00,  Aegis Shield ,real_money,5.28
892,5467,2026-03-03 05:58:00,Iron Sword,real_money,4.26
893,5467,2026-04-08 22:58:00,Aegis Shield,real_money,10.56
894,5474,2026-06-07 23:36:00,Phoenix Blade,real_money,6.13
895,5474,2026-06-13 20:36:00,RUSTY DAGGER,real_money,1.42
896,5474,2026-03-24 09:36:00,Aegis Shield,real_money,5.28
897,5474,2026-05-31 03:36:00,Aegis Shield,real_money,5.28
898,5474,2026-06-09 07:36:00,Aegis Shield,real_money,5.28
899,5474,2026-03-19 21:36:00,Iron Sword,real_money,2.13
900,5494,2026-04-27 11:27:00,Frost Wand,real_money,8.26
901,5505,2026-06-24 15:30:00,Plate Mail,real_money,3.85
902,5505,2026-03-30 13:30:00,Frost Wand,real_money,4.13
903,5505,2026-03-21 08:30:00,Aegis Shield,real_money,10.56
904,5511,2026-05-06 21:49:00,Phoenix Blade,real_money,6.13
905,5511,2026-04-29 01:49:00,Phoenix Blade,real_money,12.26
906,5530,2026-04-15 08:36:00,Aegis Shield,real_money,5.28
907,5530,2026-03-04 11:36:00,Phoenix Blade,real_money,12.26
908,5530,2026-03-16 06:36:00,AEGIS SHIELD,real_money,5.28
909,5540,2026-06-12 14:01:00,LUCKY COIN,real_money,2.7
910,5540,2026-02-26 18:01:00,Phoenix Blade,real_money,6.13
911,5540,2026-06-12 18:01:00,aegis shield,real_money,5.28
912,5550,2026-04-10 13:53:00,Phoenix Blade,real_money,6.13
913,5603,2026-04-17 21:13:00,  Phoenix Blade ,real_money,6.13
914,5603,2026-05-06 15:13:00,Phoenix Blade,real_money,12.26
915,5603,2026-06-15 07:13:00,Aegis Shield,real_money,10.56
916,5603,2026-06-18 02:13:00,Aegis Shield,real_money,10.56
917,5608,2026-05-22 14:29:00,aegis shield,real_money,5.28
918,5608,2026-04-25 04:29:00,Aegis Shield,real_money,5.28
919,5608,2026-05-21 17:29:00,Rusty Dagger,real_money,1.42
920,5608,2026-04-01 08:29:00,Phoenix Blade,real_money,6.13
921,5610,2026-05-10 05:35:00,Storm Bow,real_money,8.84
922,5610,2026-05-11 10:35:00,Storm Bow,real_money,8.84
923,5610,2026-04-12 01:35:00,Phoenix Blade,real_money,6.13
924,5619,2026-04-17 16:24:00,Aegis Shield,real_money,5.28
925,5619,2026-02-27 15:24:00,aegis shield,real_money,5.28
926,5656,2026-04-30 07:58:00,Phoenix Blade,real_money,6.13
927,5656,2026-01-25 16:58:00,Storm Bow,real_money,4.42
928,5656,2026-04-19 14:58:00,Storm Bow,real_money,4.42
929,5656,2026-03-11 21:58:00,Phoenix Blade,real_money,6.13
930,5665,2026-05-21 15:32:00,Iron Sword,real_money,2.13
931,5665,2026-06-18 16:32:00,STORM BOW,real_money,8.84
932,5684,2026-03-28 08:52:00,Frost Wand,real_money,4.13
933,5684,2026-05-22 04:52:00,Aegis Shield,real_money,5.28
934,5684,2026-02-14 19:52:00,Aegis Shield,real_money,5.28
935,5684,2026-02-24 07:52:00,Phoenix Blade,real_money,12.26
936,5758,2026-05-09 08:34:00,Healing Charm,real_money,3.56
937,5758,2026-06-17 10:34:00,Aegis Shield,real_money,5.28
938,5758,2026-03-12 14:34:00,Healing Charm,real_money,3.56
939,5758,2026-06-22 11:34:00,LUCKY COIN,real_money,2.7
940,5765,2026-03-29 03:38:00,Phoenix Blade,real_money,6.13
941,5765,2026-03-03 18:38:00,STORM BOW,real_money,8.84
942,5765,2026-02-17 21:38:00,Frost Wand,real_money,4.13
943,5765,2026-04-13 05:38:00,Phoenix Blade,real_money,12.26
944,5771,2026-05-31 20:41:00,Phoenix Blade,real_money,6.13
945,5771,2026-04-26 04:41:00,Lucky Coin,real_money,2.7
946,5771,2026-05-30 19:41:00,Phoenix Blade,real_money,6.13
947,5771,2026-05-31 05:41:00,Phoenix Blade,real_money,6.13
948,5771,2026-05-15 18:41:00,  Phoenix Blade ,real_money,6.13
949,5792,2026-03-12 08:46:00,Aegis Shield,real_money,5.28
950,5798,2026-04-07 16:53:00,Leather Vest,real_money,1.99
951,5798,2026-02-18 08:53:00,storm bow,real_money,4.42
952,5798,2026-05-21 20:53:00,Aegis Shield,real_money,10.56
953,5803,2026-04-21 02:52:00,Storm Bow,real_money,4.42
954,5803,2026-03-11 03:52:00,Phoenix Blade,real_money,6.13
955,5803,2026-02-08 02:52:00,Iron Sword,real_money,2.13
956,5803,2026-04-09 23:52:00,  Lucky Coin ,real_money,2.7
957,5806,2026-04-18 12:33:00,Lucky Coin,real_money,5.4
958,5810,2026-03-29 11:20:00,Frost Wand,real_money,4.13
959,5810,2026-03-09 01:20:00,Phoenix Blade,real_money,12.26
960,5810,2026-02-11 10:20:00,Phoenix Blade,real_money,12.26
961,5810,2026-03-25 00:20:00,Aegis Shield,real_money,5.28
962,5824,2026-02-20 20:06:00,lucky coin,real_money,2.7
963,5824,2026-05-05 19:06:00,Rusty Dagger,real_money,1.42
964,5824,2026-05-23 18:06:00,aegis shield,real_money,5.28
965,5824,2026-05-04 10:06:00,Aegis Shield,real_money,5.28
966,5824,2026-03-15 05:06:00,Storm Bow,real_money,4.42
967,5830,2026-02-21 20:11:00,Aegis Shield,real_money,10.56
968,5830,2026-02-25 23:11:00,  Phoenix Blade ,real_money,6.13
969,5830,2026-04-08 13:11:00,Aegis Shield,real_money,10.56
970,5843,2026-06-04 18:37:00,Phoenix Blade,real_money,12.26
971,5849,2026-04-06 23:40:00,Aegis Shield,real_money,5.28
972,5854,2026-04-11 10:30:00,lucky coin,real_money,2.7
973,5854,2026-03-23 06:30:00,plate mail,real_money,7.7
974,5854,2026-04-08 03:30:00,Aegis Shield,real_money,10.56
975,5854,2026-05-30 00:30:00,Aegis Shield,real_money,5.28
976,5854,2026-02-23 11:30:00,phoenix blade,real_money,6.13
977,5856,2026-02-21 02:27:00,Phoenix Blade,real_money,6.13
978,5856,2026-04-06 00:27:00,Aegis Shield,real_money,10.56
979,5856,2026-02-18 09:27:00,Aegis Shield,real_money,5.28
980,5885,2026-03-18 13:45:00,Aegis Shield,real_money,5.28
981,5888,2026-05-07 19:01:00,Aegis Shield,real_money,5.28
982,5888,2026-07-07 05:01:00,aegis shield,real_money,5.28
983,5912,2026-04-19 07:03:00,Phoenix Blade,real_money,6.13
984,5912,2026-05-30 19:03:00,Plate Mail,real_money,
985,5912,2026-07-16 15:03:00,Phoenix Blade,real_money,6.13
986,5912,2026-05-21 12:03:00,Storm Bow,real_money,4.42
987,5933,2026-04-21 21:38:00,Aegis Shield,real_money,5.28
988,5933,2026-04-25 07:38:00,Lucky Coin,real_money,2.7
989,5933,2026-04-20 16:38:00,LUCKY COIN,real_money,2.7
990,5933,2026-03-12 12:38:00,Phoenix Blade,real_money,6.13
991,5937,2026-04-11 06:52:00,Iron Sword,real_money,2.13
992,5939,2026-07-05 16:45:00,Aegis Shield,real_money,10.56
